{"Biryani": 0.21733148722485335, "Dal": 0.10962124853036488, "Pasta": 0.18451033377780723, "Rice": 0.1494770232140528}